{"cameraMode":{"drawMode":0,"name":"Shaded","section":"Shading Mode"},"sceneLighting":true,"audioPlay":false,"sceneViewState":{"showFog":false,"showMaterialUpdate":false,"showSkybox":true,"showFlares":false,"showImageEffects":false,"showParticleSystems":false},"in2DMode":false,"pivot":{"x":-18.827224731445314,"y":-4.869698524475098,"z":43.83102798461914},"rotation":{"x":0.03696080297231674,"y":-0.20947398245334626,"z":0.007923942990601063,"w":0.9770864248275757},"size":63.30266571044922,"orthographic":false}